{
  "meta": {
    "generatedAt": "2026-01-16T17:43:01.884Z",
    "model": "tiny_face_detector",
    "assets": 41,
    "detectedAssets": 6,
    "skippedRemote": 0,
    "missingFiles": 0
  },
  "faces": {
    "s-020": [
      {
        "box": {
          "x": 0.4512321711668748,
          "y": 0.15609217441931517,
          "w": 0.14431720376299245,
          "h": 0.18938041554695062
        },
        "score": 0.5574269907709338
      }
    ],
    "s-021": [
      {
        "box": {
          "x": 0.36045467150643773,
          "y": 0.434216436933749,
          "w": 0.12837676756388167,
          "h": 0.16454624838706414
        },
        "score": 0.8190512234721217
      },
      {
        "box": {
          "x": 0.27391162215938375,
          "y": 0.29679694961961695,
          "w": 0.12594274251206644,
          "h": 0.17041745904891448
        },
        "score": 0.7999436515786912
      }
    ],
    "s-022": [
      {
        "box": {
          "x": 0.5996648389995255,
          "y": 0.3082370775873658,
          "w": 0.14571424463366,
          "h": 0.2535553121769889
        },
        "score": 0.8080109830878963
      },
      {
        "box": {
          "x": 0.2801381040796308,
          "y": 0.32622034779029896,
          "w": 0.13399200300675207,
          "h": 0.2031739983265091
        },
        "score": 0.7742731814745403
      }
    ],
    "s-025": [
      {
        "box": {
          "x": 0.5300936779863213,
          "y": 0.37308032711348693,
          "w": 0.24069216828611095,
          "h": 0.3318519735511014
        },
        "score": 0.9438551722816578
      },
      {
        "box": {
          "x": 0.30654877180627993,
          "y": 0.23732901882333712,
          "w": 0.22317662291623386,
          "h": 0.36428508008519067
        },
        "score": 0.8684490620986036
      }
    ],
    "s-036": [
      {
        "box": {
          "x": 0.3652792330332596,
          "y": 0.303981469547256,
          "w": 0.22829852941374396,
          "h": 0.3773959977553776
        },
        "score": 0.892952925001794
      }
    ],
    "s-039": [
      {
        "box": {
          "x": 0.4004483967904229,
          "y": 0.24512095570709125,
          "w": 0.15463448975362176,
          "h": 0.22036993127158166
        },
        "score": 0.849391516252732
      }
    ]
  }
}